,Title,Year,in_criterion
0,(nostalgia),1971,False
1,(The [End) of History Illusion]: Miu Miu Women's Tales #14,2017,False
2,...And the Pursuit of Happiness,1986,False
3,...But Film is My Mistress,2010,False
4,13 Days in France,1968,False
5,16 Days of Glory,1986,False
6,2 Days in Paris,2007,False
7,2 or 3 Things I Know About Her,1967,True
8,2010,1984,False
9,21 Days,1940,False
10,3 Godfathers,1949,False
11,4 for Texas,1963,False
12,49th Parallel,1941,True
13,71 Fragments of a Chronology of Chance,1994,False
14,8 1/2,1963,False
15,A Brief History of Time,1991,True
16,A Brighter Summer Day,1991,True
17,A Canterbury Tale,1944,True
18,A Christmas Tale,2008,True
19,A Colt Is My Passport,1967,True
20,A Dancer's World,1957,False
21,A Day in the Country,1936,True
22,A Day with the Boys,1969,False
23,A Day's Pleasure,1919,False
24,A Dog's Life,1918,False
25,A Flame At the Pier,1962,False
26,A Fuller Life,2013,False
27,A Generation,1955,True
28,A Gentle Night,2017,False
29,A Hard Day's Night,1964,False
30,A Hen in the Wind,1948,False
31,A Kid For Two Farthings,1955,False
32,A King in New York,1957,False
33,A Legend or Was it?,1963,False
34,A Lesson in Love,1954,False
35,A Life of Her Own,1950,False
36,A Man Escaped,1956,True
37,A Man There Was,1917,False
38,A Married Couple,1969,True
39,A Master Builder,2014,True
40,A Mighty Wind,2003,False
41,A Modern Coed,1966,False
42,A Mother Should Be Loved,1934,False
43,A Night to Remember,1958,True
44,A Nos Amours,1983,False
45,A Nous La Liberte,1931,False
46,A Page of Madness,1926,False
47,A Poem Is a Naked Person,1974,True
48,A Private Function,1984,False
49,A Quiet Life,1995,False
50,A Report on the Party and the Guests,1966,False
51,A River Called Titas,1973,True
52,A Room with a View,1986,True
53,A Short Film About Killing,1988,False
54,A Short Film About Love,1988,False
55,A Simple Curve,2005,False
56,A Slightly Pregnant Man,1973,False
57,A Song is Born,1948,False
58,A Special Day,1977,True
59,A Star is Born,1954,False
60,A Star is Born,1937,False
61,A Star is Born,1976,False
62,A Stolen Life,1946,False
63,A Story from Chikamatsu,1954,True
64,A Story of Floating Weeds,1934,True
65,A Straightforward Boy,1929,False
66,A Taste of Honey,1961,True
67,A Taxing Woman,1987,False
68,A Taxing Woman's Return,1988,False
69,A Touch of Zen,1971,True
70,A Turning Point,1984,False
71,A Walk in the Sun,1946,False
72,A Well Spent Life,1971,False
73,A Woman of Affairs,1928,False
74,A Woman of Paris,1923,False
75,A Woman Under the Influence,1974,True
76,A Woman's Face,1938,False
77,A Woman's Face,1941,False
78,ABBA: The Movie,1977,False
79,Above Suspicion,1943,False
80,"Acera, or the Witches' Dance",1972,False
81,Across The Pacific,1942,False
82,Across the Universe,2007,False
83,Across to Singapore,1928,False
84,Action in the North Atlantic,1943,False
85,Adam's Rib,1949,False
86,Adventures of a Dentist,1965,False
87,Adventures on the New Frontier,1961,False
88,Aimée and Jaguar,1999,False
89,Alain Mimoun,1959,False
90,Alambrista,1977,False
91,Alexander Nevsky,1938,True
92,Ali: Fear Eats the Soul,1974,True
93,Alice Adams,1935,False
94,Alice In The Cities,1974,False
95,Alice's Mysterious Mystery,1926,False
96,All Monsters Attack,1969,False
97,All My Good Countrymen,1969,False
98,All Night Long,1963,True
99,All Screwed Up,1974,False
100,All The Boys Are Called Patrick,1959,False
101,All These Women,1964,True
102,All Through the Night,1942,False
103,Always For Pleasure,1978,False
104,Amarcord,1973,True
105,An Act of Love,2018,False
106,An Actor's Revenge,1963,False
107,An Angel at My Table,1990,True
108,An Autumn Afternoon,1962,True
109,An Eastern Westerner,1920,False
110,An Enemy of the People,1989,True
111,An Exercise in Discipline: Peel,1982,False
112,An Ideal Husband,1947,False
113,An Inn in Tokyo,1935,False
114,An Innocent Witch,1965,False
115,Anchors Aweigh,1945,False
116,And Everything Is Going Fine,2010,True
117,And God Created Woman,1956,True
118,And the Ship Sails On,1984,True
119,And the Whole Sky Fit in the Dead Cow's Eye,2016,False
120,Andrei Rublev,1966,True
121,Androcles and the Lion,1952,True
122,Ankur,1974,False
123,Anna Boleyn,1920,False
124,Anna Karenina,1948,False
125,Anne-Marie,1936,False
126,Annie Oakley,1935,False
127,Antichrist,2009,True
128,Antoine and Colette,1962,False
129,Antonio Gaudi,1984,False
130,Aparajito,1956,True
131,Apart from You,1933,True
132,Apostasy,1948,False
133,Appalachian Spring,1958,False
134,Apur Sansar,1959,True
135,Ariel,1989,True
136,Army,1944,True
137,Arrest Bulldog Drummond,1938,False
138,Arrowed,2014,False
139,Arsenic and Old Lace,1944,False
140,Art,2014,False
141,As Long As You've Got Your Health,1966,False
142,Ashes And Diamonds,1958,False
143,Ask Father,1919,False
144,Asparagus,1979,False
145,Assassin,1964,False
146,Assassin(s),1997,False
147,Atlanta's Olympic Glory,1997,False
148,Au hasard Balthazar,1966,True
149,Au Revoir Les Enfants,1987,False
150,Auntie Mame,1958,False
151,Autumn Sonata,1978,True
152,Baal,1970,True
153,Babette's Feast,1987,False
154,Babo 73,1964,True
155,Baby Doll,1956,False
156,Bachelor in Paradise,1961,False
157,Back to Bataan,1945,False
158,Bad Night for the Blues,2010,False
159,Ball of Fire,1941,False
160,Ballad of a Soldier,1959,True
161,Ballad of a Worker,1962,False
162,Ballad of Orin,1977,False
163,Bandits vs. Samurai Squadron,1978,False
164,Barrios Altos,1987,False
165,Bath House,2014,False
166,Battleground,1949,False
167,Bay of Angels,1963,True
168,Beautiful Days,1955,False
169,Beauty and the Beast,1946,True
170,Bed and Board,1970,True
171,Before the Rain,1994,True
172,Begone Dull Care,1949,False
173,Behind the White Glasses,2015,False
174,Being There,1979,True
175,Being Two Isn't Easy,1962,False
176,Belle de Jour,1967,False
177,Beloved Enemy,1936,False
178,Benny's Video,1992,False
179,Bergman Island,2006,True
180,Berlin Express,1948,False
181,Betty Blue,1986,False
182,Beware of a Holy Whore,1971,True
183,Beyond All Barriers,1989,False
184,Beyond the Hills,2012,True
185,Beyond the Law,1968,True
186,Bhumika,1977,False
187,Bicycle Thieves,1948,True
188,Bienvenido Mr. Marshall!,1952,False
189,Big Deal on Madonna Street,1958,True
190,Big Jim McLain,1952,False
191,"Big Joys, Small Sorrows",1986,False
192,"Billy Blazes, Esq.",1919,False
193,Billy Budd,1962,False
194,Billy Liar,1963,True
195,Bitter Rice,1949,True
196,Black Girl,1966,True
197,Black Hand,1950,False
198,Black Jesus,1968,False
199,Black Legion,1937,False
200,Black Lizard,1962,False
201,Black Moon,1975,True
202,Black Narcissus,1947,True
203,Black Orpheus,1959,True
204,Black Panthers,1968,True
205,Black River,1957,True
206,Black Something,2016,False
207,Black Sun,1964,True
208,Blaise Pascal,1972,True
209,Blind Chance,1981,True
210,Blithe Spirit,1945,True
211,Blood Alley,1955,False
212,Blood Simple,1984,True
213,Blossoms in the Dust,1941,False
214,Blow Up of “Blow-Up”,2016,False
215,Blue,1993,False
216,Bluebeard,1936,False
217,Bobby Bumps Starts for School,1917,False
218,Boccaccio '70,1962,False
219,Body Heat,1981,False
220,Boiling Point,1990,False
221,Bold King Cole,1936,False
222,Bonnie Prince Charlie,1948,False
223,Border Radio,1987,True
224,Boring Afternoon,1964,False
225,Borom Sarret,1963,False
226,Boudu Saved from Drowning,1932,True
227,Boy,1969,False
228,Boyhood,1951,False
229,Brainstorm,1983,False
230,Branded to Kill,1967,True
231,Breaker Morant,1980,True
232,Breaking the Waves,1996,True
233,Breathless,1960,True
234,Brief Encounter,1945,True
235,Bright Leaf,1950,False
236,Bringing Up Baby,1938,False
237,Broadway Rhythm,1944,False
238,Broken Drum,1949,False
239,Brothers and Sisters of the Toda Family,1941,False
240,Brute Force,1947,True
241,Bud Greenspan Presents Vancouver 2010: Stories of Olympic...,2010,False
242,Bud Greenspan's Athens 2004: Stories of Olympic Glory,2005,False
243,Bud Greenspan's Torino 2006: Stories of Olympic Glory,2007,False
244,Buena Vista Social Club,1999,True
245,Bulldog Drummond,1929,False
246,Bulldog Drummond at Bay,1937,False
247,Bulldog Drummond Comes Back,1937,False
248,Bulldog Drummond Escapes,1937,False
249,Bulldog Drummond in Africa,1938,False
250,Bulldog Drummond's Bride,1939,False
251,Bulldog Drummond's Peril,1938,False
252,Bulldog Drummond's Revenge,1937,False
253,Bulldog Drummond's Secret Police,1939,False
254,Bullitt,1968,False
255,Bullshot,1983,False
256,Bumping Into Broadway,1919,False
257,Bundle of Joy,1956,False
258,Burden of Dreams,1982,True
259,Burden of Life,1935,False
260,Burroughs: The Movie,1983,True
261,Butter Lamp,2013,False
262,Cabaret,1972,False
263,Caesar and Cleopatra,1945,True
264,Café au lait,1993,False
265,Cailleach,2014,False
266,Calcutta,1969,True
267,Calgary '88: 16 Days of Glory,1989,False
268,Call of Cuteness,2017,False
269,Camera Buff,1979,False
270,Cameraperson,2016,True
271,Canoa: A Shameful Memory,1976,True
272,Capricious Summer,1968,True
273,Capricorn One,1978,False
274,Captain Kidd's Kids,1919,False
275,Captains Courageous,1937,False
276,Caravaggio,1986,False
277,Carlos: Episode One,2010,False
278,Carlos: Episode Three,2010,False
279,Carlos: Episode Two,2010,False
280,Carlton-Browne of the F.O.,1960,False
281,Carmen Comes Home,1951,False
282,Carmen's Innocent Love,1952,False
283,Carnival in Flanders,1935,False
284,Carnival of Souls,1962,True
285,Carrots and Peas,1969,False
286,Cartesius: Part 1 (a.k.a. Descartes),1973,False
287,Cartesius: Part 2 (a.k.a. Descartes),1973,False
288,Cartoons on Tour,1915,False
289,Cash McCall,1960,False
290,Casque D'Or,1952,False
291,Casus belli,2010,False
292,Cat People,1942,True
293,Cemetery of Splendor,2015,False
294,Certified Copy,2010,True
295,Chafed Elbows,1965,True
296,Chains,1949,True
297,Chariots of Fire,1981,False
298,Charlotte et son Jules,1960,False
299,Charlotte Gray,2001,False
300,Charulata,1965,True
301,Checking Out,1989,False
302,Chevalier,2016,False
303,Chi è senza peccato...,1952,False
304,Children of Nagasaki,1983,False
305,Children of Paradise,1945,True
306,Chimes at Midnight,1965,True
307,Chinese Odyssey 2002,2002,False
308,Chinese Roulette,1976,False
309,Christopher Strong,1933,False
310,Chronicle of a Summer,1961,True
311,Chronicle of Anna Magdalena Bach,1968,False
312,Chungking Express,1994,True
313,"Ciao, Federico!",1970,False
314,Citizen Kane,1941,False
315,City Lights,1931,True
316,Claire's Knee,1970,False
317,"Clean, Shaven",1994,True
318,Close-Up,1990,False
319,Clouds of Sils Maria,2014,True
320,Cluny Brown,1946,False
321,Cléo from 5 to 7,1962,True
322,Coda,2013,False
323,Code Unknown,2000,True
324,Cold Dog Soup,1990,False
325,"Colonel Heeza Liar, Detective",1923,False
326,Colossal Youth,2006,True
327,Coma,1978,False
328,Come and See,1985,False
329,Come On Children,1972,True
330,Confidential Report,1955,False
331,Confidentially Yours,1983,False
332,Conflagration,1958,False
333,Conquest,1937,False
334,Conquest of the Air,1936,False
335,Convoy,1978,False
336,Cool Hand Luke,1967,False
337,Corridors of Blood,1959,True
338,Coup de Grâce,1976,False
339,Courage for Every Day,1964,False
340,Cours du soir,1967,False
341,"Cousin, Cousine",1975,False
342,Crazed Fruit,1956,True
343,Cries And Whispers,1972,False
344,Crime School,1938,False
345,Crisis,1946,True
346,Crisis: Behind a Presidential Commitment,1963,False
347,Critical Mass,1971,False
348,Cronos,1993,True
349,Crossing Delancey,1988,False
350,Cruel Gun Story,1964,True
351,Cruel Story of Youth,1960,False
352,Cry Terror!,1958,False
353,Cría cuervos . . .,1976,True
354,Cure,1997,False
355,César,1936,True
356,Daisies,1966,True
357,Daleks - Invasion Earth 2150 A.D.,1966,False
358,"Dance, Girl, Dance",1940,False
359,Danger Stalks Near,1957,False
360,Dangerous Liaisons,1988,False
361,Danton,1982,True
362,Daphnia,1928,False
363,Darby's Rangers,1958,False
364,Dark Passage,1947,False
365,Darling,1965,False
366,David Copperfield,1935,False
367,David Golder,1930,True
368,Day for Night,1973,True
369,Day of Wrath,1943,True
370,Daybreak Express,1953,False
371,Days of Glory,1944,False
372,Dead End,1937,False
373,Dead Man,1995,True
374,Dead Ringer,1964,False
375,Dead Ringers,1988,True
376,Death by Hanging,1968,True
377,Death Drums Along the River,1963,False
378,Death of a Cyclist,1955,True
379,Death Shadows,1986,False
380,Deathtrap,1982,False
381,December 7th,1943,False
382,Deep Crimson,1996,False
383,Deer Boy,2017,False
384,Demon Seed,1977,False
385,"Deprisa, Deprisa",1981,False
386,Derek,2008,False
387,Dersu Uzala,1975,False
388,Desert Hearts,1985,True
389,Designing Woman,1957,False
390,Destination Tokyo,1943,False
391,Destroy All Monsters,1968,False
392,Deux hommes dans Manhattan,1959,False
393,Devi,1960,False
394,Diabolique,1955,True
395,Dial M for Murder,1954,False
396,Diary of a Shinjuku Thief,1969,False
397,Diatoms,1968,False
398,Die Austernprinzessin,1919,False
399,Dillinger is Dead,1969,False
400,Dinky Doodle in Just Spooks,1925,False
401,Dinky Doodle in Lost and Found,1926,False
402,Divorce Italian Style,1962,True
403,Doctor Zhivago,1965,False
404,Documenteur,1981,True
405,Dodes'ka-den,1970,False
406,Dog Eat Dog,2008,False
407,Dogville,2003,False
408,Dollar,1938,True
409,Don Juan (Or if Don Juan Were a Woman),1973,False
410,Donkey Skin,1970,True
411,Donnie Brasco,1997,False
412,Dont Look Back,1967,True
413,Doodlebug,1997,False
414,Double Suicide,1969,True
415,Douce,1943,True
416,Dov’é la libertà…?,1954,False
417,Down By Law,1986,False
418,Down in the Delta,1998,False
419,Downhill,1927,False
420,Dr. Jack,1922,False
421,Dr. Jekyll and Mr. Hyde,1941,False
422,Dr. Jekyll and Mr. Hyde,1932,False
423,Dr. Who and the Daleks,1965,False
424,Dragnet Girl,1933,True
425,Dragon Inn,1967,True
426,Dreams,1955,True
427,Dreamscape,1984,False
428,Drugstore Cowboy,1989,False
429,Drunken Angel,1948,True
430,Dry Summer,1964,True
431,Dry Wood,1973,False
432,Du côté de la côte,1958,False
433,Duchess of Idaho,1950,False
434,Dumbland - Episode 1: The Neighbor,2002,False
435,Dumbland - Episode 2: The Treadmill,2002,False
436,Dumbland - Episode 3: The Doctor,2002,False
437,Dumbland - Episode 4: A Friend Visits,2002,False
438,Dumbland - Episode 5: Get the Stick!,2002,False
439,Dumbland - Episode 6: My Teeth Are Bleeding,2002,False
440,Dumbland - Episode 7: Uncle BOB,2002,False
441,Dumbland - Episode 8: Ants,2002,False
442,Dying at Grace,2003,True
443,Dégustation Maison,1978,False
444,Désiré,1937,True
445,Early Spring,1956,True
446,Early Summer,1951,True
447,Easy Living,1949,False
448,Eat Drink Man Woman,1994,False
449,Eating Raoul,1982,True
450,Edge of Darkness,1943,False
451,Edmond Was a Donkey,2012,False
452,Edward II,1991,False
453,"Edward, My Son",1949,False
454,Effi Briest,1974,False
455,Eijanaika,1981,False
456,Einstein's Universe,1979,False
457,El Sur,1983,True
458,El Topo,1970,False
459,Elena and Her Men,1956,True
460,Elephant Boy,1937,True
461,Elevator to the Gallows,1958,True
462,Emotion,1966,False
463,Empire of Passion,1978,True
464,En rachâchant,1982,False
465,Enchanted April,1991,False
466,Enchantment,1948,False
467,Endless Desire,1958,False
468,Endless Poetry,2016,False
469,Equinox,1970,True
470,Equinox Flower,1958,True
471,Eraserhead,1977,True
472,Europa,1991,True
473,Europa '51,1952,False
474,Europe '51,1952,False
475,Eva,1948,False
476,Evergreen,1934,False
477,Everlasting Moments,2008,True
478,Every Man For Himself,1980,False
479,Every-Night Dreams,1933,True
480,Everyone Off to Jail,1993,False
481,Everything Goes Wrong,1960,False
482,Evil Under the Sun,1982,False
483,Experiment Perilous,1944,False
484,Experimental Treatment of a Hemorrhage in a Dog,1930,False
485,Eyes Do Not Want to Close at All Times...,1970,False
486,Eyes Without a Face,1960,True
487,F for Fake,1973,False
488,Faces,1968,True
489,Faces of November,1964,False
490,Fall Guy,1982,False
491,Fallen Angels,1995,False
492,Fando and Lis,1967,False
493,Fanfan la Tulipe,1952,True
494,Fanny,1932,True
495,Fanny and Alexander: Episode 1,1982,False
496,Fanny and Alexander: Episode 2,1982,False
497,Fanny and Alexander: Episode 3,1982,False
498,Fanny and Alexander: Episode 4,1982,False
499,Fanny and Alexander: The Theatrical Version,1982,False
500,Fantastic Planet,1973,True
501,Far from the Madding Crowd,1967,False
502,Farewell to Dream,1956,False
503,Farewell to Spring,1959,False
504,"Farewell, My Lovely",1975,False
505,Fast Company,1938,False
506,Fat Girl,2001,True
507,"Fat, Bald, Short Man",2011,False
508,Father,1988,False
509,Fear,1954,False
510,Fear of a Black Hat,1993,False
511,Fear of Fear,1975,False
512,Feeling Good,2010,False
513,Feet First,1930,False
514,Felix Comes Back,1922,False
515,Ferdinando and Carolina,1999,False
516,Fermat's Room,2007,False
517,Festival,1967,True
518,Fiend Without A Face,1958,False
519,Fight Without Hate,1948,False
520,Fighting Elegy,1966,True
521,Fireman Save My Child,1919,False
522,Fires On the Plain,1959,False
523,Fireworks,1997,False
524,Fireworks Over the Sea,1951,False
525,First,2012,False
526,First Man Into Space,1959,False
527,Fish Tank,2009,True
528,Fishing with John - Episode 1: Montauk with Jim Jarmusch,1991,False
529,Fishing with John - Episode 2: Jamaica with Tom Waits,1991,False
530,Fishing with John - Episode 3: Costa Rica with Matt Dillon,1991,False
531,Fishing with John - Episode 4: Maine with Willem Dafoe,1991,False
532,"Fishing with John - Episode 5: Thailand with Dennis Hopper,...",1991,False
533,"Fishing with John - Episode 6: Thailand with Dennis Hopper,...",1991,False
534,Fists in the Pocket,1965,True
535,Five Corners,1987,False
536,Five Miles Out,2009,False
537,Flamingo Road,1949,False
538,Flesh and the Devil,1926,False
539,Floating Clouds,1955,False
540,Floating Weeds,1959,True
541,Flowing,1956,False
542,"Flunky, Work Hard!",1931,False
543,Following,1998,True
544,For All Mankind,1989,True
545,For Heaven's Sake,1926,False
546,Foreign Correspondent,1940,True
547,Forget Me Not,1936,False
548,Forza Bastia,2002,False
549,Fountainhead,1956,False
550,Four Weddings and a Funeral,1994,False
551,Fox and His Friends,1975,True
552,Frankenstein Created Woman,1967,False
553,Frankenstein Must Be Destroyed!,1969,False
554,French Cancan,1955,True
555,Freshwater Assassins,1947,False
556,Frisco Jenny,1932,False
557,From the Life of the Marionettes,1980,True
558,Frownland,2007,False
559,Full Moon in Paris,1984,False
560,Funny Games,1997,False
561,Fårö Document 1979,1980,True
562,Gai dimanche,1935,False
563,Games of the XXI Olympiad,1977,False
564,Gap-Toothed Women,1987,False
565,Garlic Is as Good as Ten Mothers,1980,False
566,Gaslight,1944,False
567,Gate of Flesh,1964,True
568,Gate of Hell,1953,True
569,Gates of Heaven,1978,True
570,General Della Rovere,1959,False
571,General Idi Amin Dada,1974,False
572,Genocide,1968,True
573,George Washington,2000,True
574,Germany Year Zero,1947,True
575,Gertrud,1964,True
576,"Ghidorah, the Three-Headed Monster",1964,False
577,Gimme Shelter,1970,True
578,Ginza Cosmetics,1951,False
579,Girl Shy,1924,False
580,Girl With Green Eyes,1964,False
581,Girlfriends,1978,False
582,"God Respects Us When We Work, but Loves Us When We Dance",1968,False
583,God's Country,1985,False
584,Gods of the Plague,1969,True
585,Godzilla,1954,True
586,Godzilla Raids Again,1955,False
587,Godzilla vs. Mechagodzilla,1974,False
588,Godzilla vs. Megalon,1973,False
589,"Godzilla, King of the Monsters!",1956,False
590,"Goke, Body Snatcher from Hell",1968,False
591,Gold and Glory,1953,False
592,Golden Demon,1954,False
593,Golden Eyes,1968,False
594,Gomorrah,2008,True
595,Gonza the Spearman,1986,False
596,Good Morning,1959,True
597,"Goodbye, Mr. Chips",1939,False
598,Grand Hotel,1932,False
599,Gray's Anatomy,1997,False
600,Great Expectations,1946,True
601,Green Dolphin Street,1947,False
602,Green for Danger,1947,True
603,Green Grow the Rushes,1951,False
604,Grey Gardens,1976,True
605,Guelwaar,1993,False
606,Gunga Din,1939,False
607,Guy and Madeline on a Park Bench,2009,False
608,Hairat,2017,False
609,Hamlet,1996,False
610,Hamlet,1948,True
611,Hamsun,1996,False
612,Hand in Hand,1989,False
613,Hands Over the City,1963,False
614,Hans Christian Andersen,1952,False
615,Hanzo the Razor: Sword of Justice,1972,False
616,Hanzo the Razor: The Snare,1973,False
617,Hanzo the Razor: Who's Got the Gold?,1974,False
618,Happy Anniversary,1962,False
619,Happy Together,1997,False
620,Harakiri,1962,True
621,"Harlan County, U.S.A.",1976,False
622,Harlan: In the Shadow of Jew Süss,2008,False
623,Harnessed Rhythm,1936,False
624,Harper,1966,False
625,"He Loves Me, He Loves Me Not",2002,False
626,He Who Gets Slapped,1924,False
627,Heart of a Dog,2015,True
628,Hearts and Minds,1974,True
629,Heat Wave,1991,False
630,Heaven Can Wait,1943,True
631,Heavens Above!,1963,False
632,Heifetz Master Class: Episode 1,1962,False
633,Heifetz Master Class: Episode 2,1962,False
634,Heifetz Master Class: Episode 3,1962,False
635,Heifetz Master Class: Episode 4,1962,False
636,Heifetz Master Class: Episode 5,1962,False
637,Heifetz Master Class: Episode 6,1962,False
638,Heifetz Master Class: Episode 7,1962,False
639,Heifetz Master Class: Episode 8,1962,False
640,Henry V,1944,True
641,Her Brother,1960,False
642,Here is Your Life,1966,False
643,Here's to the Young Lady,1949,False
644,Heroes for Sale,1933,False
645,High and Dizzy,1920,False
646,High and Low,1963,True
647,High Hopes,1988,False
648,High Sierra,1941,False
649,High Society,1956,False
650,Higher and Higher,1943,False
651,Himiko,1974,False
652,"Hiroshima, Mon Amour",1959,False
653,His Royal Slyness,1920,False
654,History Is Made at Night,1937,False
655,Hitler's Hollywood,2017,False
656,Hobson's Choice,1954,False
657,Home,2016,False
658,Honeysuckle Rose,1980,False
659,Honky Tonk,1941,False
660,Hoop Dreams,1994,True
661,Hopscotch,1980,True
662,Horror of Dracula,1958,False
663,Hot Pepper,1973,False
664,Hot-Toe Mollie,1930,False
665,Hotel,1967,False
666,Hotel du Nord,1938,False
667,Hotel Monterey,1972,True
668,Hour of the Wolf,1968,True
669,House,1977,True
670,How Some Jellyfish are Born,1960,False
671,How to Get Ahead in Advertising,1988,True
672,"Humain, Trop Humain",1973,False
673,Human Voice,2014,False
674,Humanity and Paper Balloons,1937,False
675,Humoresque,1946,False
676,Hunger,2008,True
677,Hunger,1974,False
678,Hunter in the Dark,1979,False
679,Hyas and Stenorhynchus,1927,False
680,Hydrangea,2017,False
681,Hyenas,1992,False
682,Hype!,1996,False
683,Häxan: Witchcraft Through the Ages,1922,False
684,I Am Curious - Yellow,1967,False
685,I Am Curious—Blue,1967,True
686,I Am Sam,2001,False
687,I am Waiting,1957,False
688,I Dood It,1943,False
689,I Fidanzati,1962,False
690,"I Flunked, But...",1930,False
691,"I Graduated, But...",1929,False
692,I Hate But Love,1962,True
693,I Knew Her Well,1965,True
694,I Know Where I'm Going!,1945,False
695,I Live In Fear,1955,False
696,I Married A Witch,1942,False
697,I Never Sang for My Father,1970,False
698,I See A Dark Stranger,1946,False
699,I Shot Jesse James,1949,True
700,I Vitelloni,1953,False
701,I Walked With A Zombie,1943,False
702,I Was a Teenage Zombie,1987,False
703,"I Was Born, But...",1932,False
704,I Will Buy You,1956,True
705,I'm All Right Jack,1959,False
706,Ich möchte kein Mann sein,1918,False
707,Identification of a Woman,1982,True
708,Ikiru,1952,True
709,Il Bidone,1955,False
710,Il Posto,1961,False
711,Il Sorpasso,1962,False
712,Immortal Love,1961,False
713,In Heaven There Is No Beer?,1984,False
714,In the Mood for Love,2000,True
715,In the Realm of the Senses,1976,True
716,In This Our Life,1942,False
717,In Vanda's Room,2000,False
718,In Which We Serve,1942,True
719,Incident by a Bank,2010,False
720,India: Matri Bhumi,1959,False
721,Indiscretion of an American Wife,1954,True
722,Ingrid Bergman in Her Own Words,2015,False
723,Innocence Unprotected,1968,True
724,Insiang,1976,True
725,Inside Daisy Clover,1965,False
726,Insignificance,1985,True
727,Insomnia,1997,True
728,Intentions of Murder,1964,True
729,Intermezzo,1936,True
730,Interview with Salvador Allende: Power and Reason,1973,False
731,Intimate Relations,1996,False
732,Intimidation,1960,True
733,Into the West,1993,False
734,Invasion of Astro-Monster,1965,False
735,Invitation to the Dance,1956,False
736,Ironfinger,1965,False
737,Isle of the Dead,1945,False
738,It Happened in Brooklyn,1947,False
739,"It's All Right, It's Ok",2017,False
740,It's Always Fair Weather,1955,False
741,Italian for Beginners,2001,False
742,"Ivan the Terrible, Part 1",1944,False
743,"Ivan the Terrible, Part 2",1958,False
744,Ivan's Childhood,1962,False
745,"IX Olympic Winter Games, Innsbruck 1964",1964,False
746,J.M. Mondesir,2012,False
747,Jaguar,1967,False
748,"James Stewart, Robert Mitchum: The Two Faces of America",2017,False
749,Japanese Girls at the Harbor,1933,True
750,Japanese Summer: Double Suicide,1967,True
751,Jar City,2006,False
752,"Je t'aime, je t'aime",1968,False
753,Je tu il elle,1975,True
754,"Jeanne Dielman, 23, quai du Commerce, 1080 Bruxelles",1975,True
755,Jellyfish Eyes,2013,True
756,Jezebel,1938,False
757,Jigoku,1960,True
758,Jimi Plays Monterey,1986,False
759,John's Gone,2010,False
760,Johnny Eager,1942,False
761,Jour De Fête,1949,False
762,Journey to Italy,1955,True
763,Jubilation Street,1944,True
764,Jubilee,1979,True
765,Judex,1963,True
766,Jules and Jim,1962,True
767,Juliet of the Spirits,1965,True
768,June Night,1940,True
769,Jungle Book,1942,True
770,Junkopia,1981,False
771,Just Neighbors,1919,False
772,Kabala,2002,False
773,Kaiju Bunraku,2017,False
774,Kaisha Monogatari: Memories of You,1988,False
775,Kanal,1957,True
776,Kaos,1984,False
777,Kapo,1959,False
778,Karen Cries on the Bus,2011,False
779,Katzelmacher,1969,True
780,Keep Your Powder Dry,1945,False
781,Keeper of the Flame,1943,False
782,Key Largo,1948,False
783,Kidnapped,1948,False
784,Kill!,1968,True
785,Killers On Parade,1961,False
786,King Kong,1933,False
787,King Solomon's Mines,1937,False
788,Kings of the Road,1976,True
789,Kitty,2016,False
790,Knife in the Water,1962,True
791,Knight Without Armour,1937,False
792,Koko Sees Spooks,1925,False
793,Koko: A Talking Gorilla,1978,True
794,Kramer vs. Kramer,1979,False
795,Kuroneko,1968,True
796,Kwaidan,1965,True
797,L'amore,1948,False
798,L'argent,1983,False
799,L'assassin Habite Au 21,1942,False
800,L'Atalante,1934,False
801,L'Avventura,1960,False
802,L'Eclisse,1962,False
803,L'enfance nue,1968,False
804,L'opéra-mouffe,1958,False
805,L.A. Woman,1987,False
806,La Balance,1982,False
807,La Boutique,1967,False
808,La Bête Humaine,1938,False
809,La Cambrure,1999,False
810,La Chambre,1972,False
811,La Chasse au Lion a l'arc,1965,False
812,La Chienne,1931,False
813,La Ciénaga,2001,True
814,La Collectionneuse,1967,False
815,La Commare Secca,1962,False
816,La Cérémonie,1995,False
817,La Grande Vadrouille,1966,False
818,La Haine,1995,False
819,La Jetée,1963,True
820,La Main du Diable,1943,False
821,La notte,1961,True
822,La Nuit de la Verite,2004,False
823,La Nuit de Varennes,1982,False
824,La Pointe Courte,1955,True
825,La Poison,1951,False
826,La Promesse,1996,False
827,La Punition,1962,False
828,La ronde,1950,True
829,La Strada,1954,False
830,La Terra Trema,1948,False
831,La Tete d'un Homme,1933,False
832,La Truite,1982,False
833,La Vie de Bohème,1992,False
834,"Lacombe, Lucien",1974,True
835,Lady Snowblood,1973,True
836,Lady Snowblood 2: Love Song of Vengeance,1974,False
837,Land of Milk and Honey,1971,True
838,Late Autumn,1960,True
839,Late Chrysanthemums,1954,False
840,Late Spring,1949,True
841,"Laugh, Clown, Laugh",1928,False
842,Law of the Border,1966,True
843,Le Amiche,1955,False
844,Le Beau Serge,1958,False
845,Le Bonheur,1965,False
846,Le Cercle Rouge,1970,False
847,Le Chant du Styrène,1959,False
848,Le ciel est à vous,1944,True
849,Le Deuxième Souffle,1966,False
850,Le grand amour,1969,True
851,Le Havre,2011,True
852,Le Magnifique,1973,False
853,Le Million,1931,False
854,Le notti bianche,1957,True
855,Le Petit Soldat,1963,False
856,Le Plaisir,1952,False
857,Le Samouraï,1967,False
858,Le Silence de la Mer,1949,False
859,Lemon,1969,False
860,Leningrad Cowboys Go America,1989,True
861,Leningrad Cowboys Meet Moses,1994,True
862,Les Cousins,1959,False
863,Les Dames Du Bois De Boulogne,1945,False
864,Les Enfants Terribles,1950,False
865,Les fiancés du pont Mac Donald ou (Méfiez-vous des lunettes...,1961,False
866,Les Girls,1957,False
867,Les Grandes Manoeuvres,1955,False
868,Les maîtres fous,1955,False
869,Les Mistons,1957,False
870,Les Misérables - Part 1: Tempest in a Skull,1934,False
871,Les Misérables - Part 2: The Thénardiers,1934,False
872,"Les Misérables - Part 3: Liberty, Sweet Liberty",1934,False
873,Les Portes de la nuit,1946,False
874,Les rendez-vous d’Anna,1978,True
875,Les Visiteurs du Soir,1942,False
876,Let There Be Light,1946,False
877,Let's Spend the Night Together,1983,False
878,Letter from Siberia,1957,False
879,Letter Never Sent,1959,True
880,Lettres d'Amour,1942,False
881,Lianna,1983,False
882,Lick the Star,1998,False
883,Life Is Sweet,1990,True
884,Lightning Sketches,1907,False
885,Lillehammer '94: 16 Days of Glory,1994,False
886,Lilly Turner,1933,False
887,Limbo,2016,False
888,Limelight,1952,True
889,Limite,1931,True
890,Lions Love (...And Lies),1969,False
891,Liquid Crystals,1978,False
892,Lira's Forest,2017,False
893,Little Women,1933,False
894,Liv and Ingmar,2012,False
895,Logorama,2009,False
896,Lola,1961,True
897,Lola,1981,True
898,Lola Montès,1955,True
899,Lolita,1962,False
900,Lon Chaney: Behind the Mask,1995,False
901,London After Midnight,1927,False
902,Lone Wolf and Cub #1: Sword of Vengeance,1972,False
903,Lone Wolf and Cub #2: Baby Cart at the River Styx,1972,False
904,Lone Wolf and Cub #3: Baby Cart to Hades,1972,False
905,Lone Wolf and Cub #4: Baby Cart in Peril,1972,False
906,Lone Wolf and Cub #5: Baby Cart in the Land of Demons,1973,False
907,Lone Wolf and Cub #6: White Heaven in Hell,1974,False
908,Long Live the Bride and Groom,1970,False
909,Look Back in Anger,1959,False
910,Looker,1981,False
911,Lord of the Flies,1963,True
912,Los Ojos Vendados,1978,False
913,Louie Bluie,1985,True
914,Love,1927,False
915,Love & Anarchy,1973,False
916,Love Affair,1994,False
917,"Love Affair, or the Case of the Missing Switchboard Operator",1967,True
918,Love Finds Andy Hardy,1938,False
919,Love in the Afternoon,1972,True
920,Love in the Time of Cholera,2007,False
921,Love Is Colder Than Death,1969,True
922,Love Me or Leave Me,1955,False
923,Love Old and New,1961,False
924,Love on the Run,1979,True
925,Love You More,2008,False
926,Lucky Partners,1940,False
927,Lumière d’été,1943,True
928,Lydia,1941,False
929,M,1931,True
930,Ma,2015,False
931,Madadayo,1993,True
932,Madame Bovary,1949,False
933,Madame Curie,1943,False
934,Madame Tutli-Putli,2007,False
935,Madeleine,1950,False
936,Madonna of the Seven Moons,1945,True
937,Mafioso,1962,True
938,Magnet of Doom,1963,False
939,Maidstone,1970,True
940,Major Barbara,1941,True
941,Major Dundee,1965,False
942,Mala Noche,1986,True
943,Mamma Roma,1962,True
944,Mammy Water,1953,False
945,Man Bites Dog,1992,True
946,Man Is Not a Bird,1965,True
947,Man of Aran,1934,False
948,Manderlay,2005,False
949,Mandi,1983,False
950,Manila in the Claws of Light,1975,True
951,Mannequin,1937,False
952,Manual of Arms,1966,False
953,Marathon,1993,False
954,Marius,1931,True
955,Marketa Lazarova,1967,False
956,Marriage - Italian Style,1964,False
957,Mary of Scotland,1936,False
958,Masculin Féminin,1966,False
959,Masques,1987,False
960,Master of the House,1925,True
961,Mata Hari,1932,False
962,Maxwell's Demon,1968,False
963,May Fools,1990,False
964,Maîtresse,1973,False
965,McCabe & Mrs. Miller,1971,True
966,Meantime,1984,True
967,Meek's Cutoff,2010,False
968,Meet Me in Las Vegas,1956,False
969,Memories of the Olympic Summer of 1952,1954,False
970,Memories of Underdevelopment,1968,True
971,"Memory for Max, Claire, Ida and Company",2005,True
972,Men Are Not Gods,1936,False
973,Merry Andrew,1958,False
974,Merry Christmas Mr. Lawrence,1983,True
975,Metropolitan,1990,True
976,Miao Miao,2008,False
977,Midnight Mary,1933,False
978,Mikey and Nicky,1976,True
979,Milky Way,1936,False
980,"Minutes, Episode 1: The Robbery",2017,False
981,"Minutes, Episode 2: Marty <3 Katie",2017,False
982,"Minutes, Episode 3: Parent Teacher",2017,False
983,"Minutes, Episode 4: Cory Comes to Christmas",2017,False
984,"Minutes, Episode 5: The Stop",2017,False
985,"Minutes, Episode 6: Native Stand Up",2017,False
986,Miracles of Thursday,1957,False
987,Mishima: A Life in Four Chapters,1985,True
988,Miss Julie,1951,True
989,Mister Johnson,1990,True
990,Mockery,1927,False
991,Modern Times,1936,True
992,"Moi, Un Noir",1958,False
993,Mon Oncle,1958,False
994,Mon Oncle Antoine,1971,False
995,Mon Oncle D'Amerique,1980,False
996,Mona Lisa,1986,True
997,Monkey Love Experiments,2014,False
998,Monsieur Hulot's Holiday,1953,False
999,Monsieur Verdoux,1947,True
1000,Monterey Pop,1968,True
1001,Moonlight Serenade,1997,False
1002,More,1969,False
1003,Morning for the Osone Family,1946,True
1004,Morning Glory,1933,False
1005,Moses and Aaron,1975,False
1006,Mother,1952,False
1007,Mother Kusters Goes to Heaven,1975,False
1008,Mother of George,2013,False
1009,Mothra vs. Godzilla,1964,False
1010,Mouchette,1967,True
1011,Movie Crazy,1932,False
1012,Mr. Arkadin (Comprehensive Version),2006,False
1013,Mr. Arkadin (Corinth Version),1962,False
1014,Mr. Blandings Builds His Dream House,1948,False
1015,Mr. Freedom,1969,True
1016,Mr. Lucky,1943,False
1017,Mr. Thank You,1936,True
1018,Mr. Wu,1927,False
1019,"Mrs. Brown, You've Got a Lovely Daughter",1968,False
1020,Mrs. Miniver,1942,False
1021,Mrs. Parkington,1944,False
1022,Mrs. Soffel,1984,False
1023,"Muhomatsu, the Rickshaw Man",1958,False
1024,Multiple Maniacs,1970,True
1025,Mur Murs,1980,True
1026,Murder Ahoy,1964,False
1027,Murder at the Gallop,1963,False
1028,Murder Most Foul,1964,False
1029,Murder She Said,1961,False
1030,"Muriel, or The Time of Return",1963,True
1031,Murmur of the Heart,1971,True
1032,Mutiny on the Bounty,1962,False
1033,My Beautiful Laundrette,1985,True
1034,My Brilliant Career,1979,False
1035,My Crasy Life,1992,True
1036,My Dinner with André,1981,True
1037,My Favorite Wife,1940,False
1038,My Home is Copacabana,1965,False
1039,My Josephine,2003,False
1040,My Life As A Dog,1985,False
1041,My Night At Maud's,1969,False
1042,My Winnipeg,2007,True
1043,Mysterious Object at Noon,2000,True
1044,Mystery,2013,False
1045,Mystery Train,1989,True
1046,Möbius,2017,False
1047,Münchhausen,1943,False
1048,Nacional III,1982,False
1049,Nadja in Paris,1964,False
1050,Nagano '98 Olympics: Bud Greenspan's Stories of Honor and...,1998,False
1051,Naked,1993,True
1052,Nanook of the North,1922,True
1053,Neapolitan Carousel,1954,False
1054,Needle,2013,False
1055,Neighbours,1952,False
1056,Nenette et Boni,1996,False
1057,Never So Few,1959,False
1058,Never Weaken,1921,False
1059,News from Home,1976,True
1060,Next Floor,2008,False
1061,Night and Fog,1955,True
1062,Night and Fog in Japan,1960,False
1063,Night Drum,1958,False
1064,Night Journey,1960,False
1065,Night Mayor,2009,False
1066,Night Nurse,1931,False
1067,Night of the Living Dead,1968,True
1068,Night on Earth,1991,True
1069,Nine Days of One Year,1962,False
1070,Ninotchka,1939,False
1071,Nishant,1976,False
1072,No Blood Relation,1932,True
1073,No End,1985,False
1074,No More Excuses,1968,True
1075,No Regrets for Our Youth,1946,True
1076,Nobody's Children,1952,False
1077,None but the Brave,1965,False
1078,North by Northwest,1959,False
1079,Not Reconciled,1965,False
1080,Nothing Sacred,1937,False
1081,Novio a la vista,1953,False
1082,"Number, Please?",1920,False
1083,"O Sport, You Are Peace!",1981,False
1084,Obsession,1949,False
1085,Ocean's 11,1960,False
1086,Odd Man Out,1947,True
1087,Odd Obsession,1959,False
1088,Of Mice and Men,1939,False
1089,"Oh, My Son!",1979,False
1090,Oil-Hell Murder,1992,False
1091,Old Joy,2006,False
1092,Old Man,2012,False
1093,Oliver Twist,1948,True
1094,Olympia Part One: Festival of the Nations,1938,False
1095,Olympia Part Two: Festival of Beauty,1938,False
1096,"Olympic Games, 1956",1956,False
1097,Olympic Glory,1999,False
1098,Olympic Spirit,1980,False
1099,On Demande Une Brute,1934,False
1100,On Golden Pond,1981,False
1101,Once Upon a Tractor,1965,False
1102,"One Light, One World",1992,False
1103,One Way Ticket to Love,1960,False
1104,One Wonderful Sunday,1947,True
1105,Onibaba,1964,True
1106,Only One Night,1939,False
1107,Opening Night,1976,True
1108,Operation Pacific,1951,False
1109,Ordet,1955,True
1110,Ornamental Hairpin,1941,True
1111,Orpheus,1950,True
1112,Osaka Elegy,1936,True
1113,Ossos,1997,True
1114,Othello,1952,True
1115,Our Dancing Daughters,1928,False
1116,Our Marriage,1961,False
1117,Our Modern Maidens,1929,False
1118,Our Time,1974,False
1119,Out of the Past,1947,False
1120,Outrageous!,1977,False
1121,Over the Moon,1939,False
1122,Overlord,1975,True
1123,Paisan,1946,True
1124,Pale Flower,1964,True
1125,Palermo Shooting,2008,False
1126,Panama Hattie,1942,False
1127,Pandora and the Flying Dutchman,1951,False
1128,Pandora's Box,1929,False
1129,Papillon,1973,False
1130,Parade,1974,True
1131,Paradise,2016,False
1132,Paraíso,2012,False
1133,Paris Belongs to Us,1961,True
1134,Paris Was a Woman,1995,False
1135,"Paris, Texas",1984,True
1136,Passage to Marseille,1944,False
1137,Passing Fancy,1933,True
1138,Passionless Moments,1983,False
1139,Pat and Mike,1952,False
1140,Pat Garrett and Billy the Kid,1973,False
1141,Pather Panchali,1955,True
1142,Pathfinder,1987,False
1143,Patrimonio Nacional,1980,False
1144,Paul Robeson: Tribute To An Artist,1979,False
1145,Pay Day,1922,False
1146,Pearls of the Deep,1966,True
1147,Pelle the Conqueror,1987,False
1148,Penelope,1966,False
1149,People of the Wind,1976,False
1150,People on Sunday,1930,True
1151,"People, Hopes, Medals",1960,False
1152,Peppermint Frappe,1967,False
1153,Period of Adjustment,1962,False
1154,Permanent Vacation,1980,False
1155,Persona,1966,True
1156,Personal Best,1982,False
1157,Pete's Haunted House,1926,False
1158,Petit à petit,1970,False
1159,Petulia,1968,False
1160,Phantom India - Episode Five: A Look at Castes,1969,False
1161,Phantom India - Episode Four: Dream and Reality,1969,False
1162,Phantom India - Episode One: The Impossible Camera,1969,False
1163,Phantom India - Episode Seven: Bombay,1969,False
1164,Phantom India - Episode Six: On the Fringes of Indian Society,1969,False
1165,Phantom India - Episode Three: The Indians and the Sacred,1969,False
1166,Phantom India - Episode Two: Things Seen in Madras,1969,False
1167,Phoenix,1947,False
1168,Phoenix,2014,True
1169,Pi,1998,False
1170,Pickle,2016,False
1171,Pickpocket,1959,True
1172,Picnic at Hanging Rock,1975,True
1173,Pigeons in the Square,1982,False
1174,Pigs and Battleships,1962,True
1175,Pina,2011,True
1176,Pitfall,1962,True
1177,Place de la Republique,1974,False
1178,Placido,1961,False
1179,Playtime,1967,False
1180,Pleasures of the Flesh,1965,True
1181,Plucking the Daisy,1956,False
1182,Poetic Justice,1972,False
1183,Poil de carotte,1932,True
1184,Port of Call,1948,True
1185,Portrait of Jason,1967,False
1186,Possessed,1947,False
1187,Possessed,1931,False
1188,Poto and Cabengo,1980,True
1189,Powwow Highway,1989,False
1190,Premature,2013,False
1191,Premiers desirs,1983,False
1192,Premonition Following an Evil Deed,1995,False
1193,"Presentation, or Charlotte and Her Steak",1960,False
1194,Pride and Prejudice,1940,False
1195,Primary,1960,False
1196,Princess from the Moon,1987,False
1197,Private Screenings: Liza Minnelli,2010,False
1198,Privates on Parade,1983,False
1199,Process Red,1966,False
1200,Profound Desire of the Gods,1968,False
1201,Purple Noon,1961,True
1202,Pussy,2016,False
1203,Pygmalion,1938,True
1204,Pépé le moko,1937,True
1205,Q Planes,1939,False
1206,Quadrille,1938,True
1207,Quadrophenia,1979,True
1208,Querelle,1982,False
1209,Rabindranath Tagore,1961,False
1210,Ramona,2015,False
1211,Ran,1985,True
1212,Random Harvest,1942,False
1213,Rashomon,1950,True
1214,Rebels of the Neon God,1992,False
1215,Record of a Tenement Gentleman,1947,False
1216,Red Beard,1965,True
1217,Red Desert,1964,True
1218,Redes,1936,True
1219,Rembrandt,1936,True
1220,Remorques,1941,True
1221,Rendez-vous,1985,False
1222,Repast,1951,False
1223,Requiem for a Dream,2000,False
1224,Return of the Prodigal Son,1966,True
1225,Return of the Scarlet Pimpernel,1937,False
1226,Return to Glennascaul,1951,False
1227,Revanche,2008,True
1228,Revenge,1989,True
1229,Rich and Famous,1981,False
1230,Richard III,1955,True
1231,Ride in the Whirlwind,1966,True
1232,Ride the High Country,1962,False
1233,River of Grass,1994,False
1234,Robinson Crusoe,1954,False
1235,Rocky VI,1986,False
1236,Rodan,1956,False
1237,Rodeo,1969,False
1238,Rome Open City,1945,True
1239,Romeo and Juliet,1936,False
1240,Ronin-Gai,1990,False
1241,Routine Pleasures,1986,True
1242,Rubber Band Pistol,1962,False
1243,Rude Boy,1980,False
1244,Running on Empty,1988,False
1245,Rupture,1962,False
1246,Rusty Knife,1958,True
1247,Rêves de poussière,2006,False
1248,Sabotage,1936,False
1249,Sada,1998,False
1250,Sadie McKee,1934,False
1251,Safe in Hell,1931,False
1252,Safety Last!,1923,True
1253,Saint Ralph,2005,False
1254,Salesman,1968,True
1255,Salt Lake City 2002: Bud Greenspan's Stories of Olympic Glory,2003,False
1256,Salvatore Giuliano,1962,True
1257,Salvo,2013,False
1258,Samurai I: Musashi Miyamoto,1954,True
1259,Samurai II: Duel at Ichijoji Temple,1955,True
1260,Samurai III: Duel at Ganryu Island,1956,True
1261,Samurai Rebellion,1967,True
1262,Samurai Saga,1959,False
1263,Samurai Spy,1965,True
1264,Sandakan No. 8,1974,False
1265,Sanders of the River,1935,True
1266,Sanjuro,1962,True
1267,Sans Soleil,1983,True
1268,Sanshiro Sugata,1943,True
1269,Sanshiro Sugata Pt 2,1945,False
1270,Sansho the Bailiff,1954,True
1271,Sapphire,1959,True
1272,Sapporo Winter Olympics,1972,False
1273,Satan's Brew,1976,False
1274,Saturday Night And Sunday Morning,1960,False
1275,Saute Ma Ville,1968,False
1276,Sawdust and Tinsel,1953,True
1277,Scandal,1950,True
1278,Scandal at Scourie,1953,False
1279,Scandal in Sorrento,1955,False
1280,Scanners,1981,True
1281,Scarecrow,1973,False
1282,Scattered Clouds,1967,False
1283,Scenes From A Marriage,1973,False
1284,Scenes from a Marriage: Episode 1,1973,False
1285,Scenes from a Marriage: Episode 2,1973,False
1286,Scenes from a Marriage: Episode 3,1973,False
1287,Scenes from a Marriage: Episode 4,1973,False
1288,Scenes from a Marriage: Episode 5,1973,False
1289,Scenes from a Marriage: Episode 6,1973,False
1290,Scents and Nonsense,1926,False
1291,Schizopolis,1996,True
1292,School for Postmen,1947,False
1293,Scrubbers,1982,False
1294,Sea Ballerinas,1956,False
1295,Sea Urchins,1954,False
1296,Sea Urchins,1928,False
1297,Seance on a Wet Afternoon,1964,False
1298,Sebastiane,1976,False
1299,Secret Honor,1984,True
1300,Secrets & Lies,1996,False
1301,Secrets of Women,1952,False
1302,Seduced and Abandoned,1964,True
1303,Seide,2015,False
1304,Sembene!,2015,False
1305,Sensation of the Century,1966,False
1306,Senso,1954,True
1307,Seoul 1988,1989,False
1308,Set Me Free,1999,False
1309,Seven Beauties,1975,False
1310,Seven Samurai,1954,True
1311,Sex and the Single Girl,1964,False
1312,Shadows,1959,True
1313,Shadows in Paradise,1986,True
1314,Shake!: Otis at Monterey,1986,False
1315,Shame,1968,True
1316,Shock Corridor,1963,True
1317,Shogun Assassin,1980,False
1318,Shoot the Piano Player,1960,True
1319,Shoulder Arms,1918,False
1320,"Shozo, a Cat and Two Women",1956,False
1321,Shrimp Stories,1964,False
1322,Si Nos Dejan,2012,False
1323,Silence,1972,False
1324,Similarities Between Length and Speed,1937,False
1325,Simon of the Desert,1965,True
1326,Sincere Heart,1953,False
1327,Sing a Song of Sex,1967,True
1328,"Sing, Young People!",1963,False
1329,Singin' in the Rain,1951,False
1330,Sisters,1973,True
1331,Sisters of the Gion,1936,True
1332,Six Men Getting Sick,1966,False
1333,Skulls and Sculls,1930,False
1334,Skunk,2014,False
1335,Slick Sleuths,1926,False
1336,Slightly Dangerous,1943,False
1337,Small Town Girl,1936,False
1338,Smiles of a Summer Night,1955,True
1339,Smithereens,1982,True
1340,Snow Trail,1947,False
1341,Snows of Grenoble,1968,False
1342,So Big,1932,False
1343,Socrates,1971,False
1344,Soigne ton Gauche,1936,False
1345,Solaris,1972,True
1346,Somewhere Beneath the Wide Sky,1954,False
1347,Son of Godzilla,1967,False
1348,Sonatine,1993,False
1349,Song of Love,1947,False
1350,Sophia Loren: Live from the TCM Classic Film Festival,2016,False
1351,Sound of the Mountain,1954,False
1352,Speedy,1928,True
1353,Spend It All,1972,False
1354,Spirits of the Dead,1968,False
1355,Spitfire,1942,False
1356,Split Screen: S1-E1,1997,False
1357,Split Screen: S1-E2,1997,False
1358,Split Screen: S1-E3,1997,False
1359,Split Screen: S1-E4,1997,False
1360,Split Screen: S1-E5,1997,False
1361,Split Screen: S1-E6,2000,False
1362,Split Screen: S10-E1,1999,False
1363,Split Screen: S10-E2,1999,False
1364,Split Screen: S10-E3,2000,False
1365,Split Screen: S10-E4,2000,False
1366,Split Screen: S10-E5,2000,False
1367,Split Screen: S10-E6,2000,False
1368,Split Screen: S10-E7,2000,False
1369,Split Screen: S2-E1,1997,False
1370,Split Screen: S2-E2,1997,False
1371,Split Screen: S2-E3,1997,False
1372,Split Screen: S2-E4,1997,False
1373,Split Screen: S2-E5,1997,False
1374,Split Screen: S2-E6,2000,False
1375,Split Screen: S3-E1,1998,False
1376,Split Screen: S3-E2,1998,False
1377,Split Screen: S3-E3,1998,False
1378,Split Screen: S3-E4,1998,False
1379,Split Screen: S3-E5,1998,False
1380,Split Screen: S3-E6,2000,False
1381,Split Screen: S4-E1,1998,False
1382,Split Screen: S4-E2,1998,False
1383,Split Screen: S4-E3,1998,False
1384,Split Screen: S4-E4,1998,False
1385,Split Screen: S4-E5,1998,False
1386,Split Screen: S4-E6,2000,False
1387,Split Screen: S5-E1,1998,False
1388,Split Screen: S5-E2,1998,False
1389,Split Screen: S5-E3,1998,False
1390,Split Screen: S5-E4,1998,False
1391,Split Screen: S5-E5,1998,False
1392,Split Screen: S5-E6,2000,False
1393,Split Screen: S6-E1,1998,False
1394,Split Screen: S6-E2,1998,False
1395,Split Screen: S6-E3,1998,False
1396,Split Screen: S6-E4,1998,False
1397,Split Screen: S6-E5,1998,False
1398,Split Screen: S6-E6,2000,False
1399,Split Screen: S7-E1,1999,False
1400,Split Screen: S7-E2,1999,False
1401,Split Screen: S7-E3,1999,False
1402,Split Screen: S7-E4,1999,False
1403,Split Screen: S7-E5,1999,False
1404,Split Screen: S7-E6,2000,False
1405,Split Screen: S8-E1,1999,False
1406,Split Screen: S8-E2,1999,False
1407,Split Screen: S8-E3,1999,False
1408,Split Screen: S8-E4,1999,False
1409,Split Screen: S8-E5,1999,False
1410,Split Screen: S8-E6,2000,False
1411,Split Screen: S9-E1,1999,False
1412,Split Screen: S9-E2,1999,False
1413,Split Screen: S9-E3,1999,False
1414,Split Screen: S9-E4,1999,False
1415,Split Screen: S9-E5,1999,False
1416,Split Screen: S9-E6,1999,False
1417,Spring Dreams,1960,False
1418,Springtime,1923,False
1419,Sprout Wings and Fly,1983,False
1420,Stage Door,1937,False
1421,Stagecoach,1939,True
1422,Stakeout,1958,False
1423,Stalker,1979,True
1424,Stars in My Crown,1950,False
1425,State of Siege,1972,True
1426,Step Lively,1944,False
1427,Stepping Out,1991,False
1428,Still Walking,2008,True
1429,Stingaree,1934,False
1430,Stolen Desire,1958,False
1431,Stolen Kisses,1968,True
1432,Story of a Prostitute,1965,True
1433,Story of Women,1988,False
1434,"Straits of Magellan: INGENIVM NOBIS IPSA PVELLA FECIT, Part I",1975,False
1435,"Straits of Magellan: Magellan at the Gates of Death, Part I...",1976,False
1436,Straits of Magellan: Pan 0,1964,False
1437,Straits of Magellan: Pan 1,1974,False
1438,Straits of Magellan: Pan 2,1970,False
1439,Straits of Magellan: Pan 3,1972,False
1440,Straits of Magellan: Pan 4,1968,False
1441,Straits of Magellan: Pan 697,1974,False
1442,Straits of Magellan: Pan 698,1973,False
1443,Straits of Magellan: Pan 699,1974,False
1444,Straits of Magellan: Pan 700,1969,False
1445,Straits of Magellan: Winter Solstice,1974,False
1446,Strange Brew,1983,False
1447,Strange Glory,1938,False
1448,Stranger Than Paradise,1984,True
1449,Stray Dog,1949,True
1450,Street of Love and Hope,1959,False
1451,Street of Shame,1956,True
1452,Street Smart,1987,False
1453,Street Without End,1934,True
1454,Strike,1925,False
1455,Stromboli,1950,True
1456,Stroszek,1977,False
1457,Studio One in Hollywood: Dark Possession,1954,False
1458,Studio One in Hollywood: Pontius Pilate,1952,False
1459,Studio One in Hollywood: The Arena,1956,False
1460,Studio One in Hollywood: The Strike,1954,False
1461,Studio One in Hollywood: Twelve Angry Men,1954,False
1462,Suddenly,1954,False
1463,Summer Hours,2008,True
1464,Summer Interlude,1951,True
1465,Summer of '42,1971,False
1466,Summer Stock,1950,False
1467,Summer with Monika,1953,True
1468,Summertime,1955,True
1469,Sumurun,1920,False
1470,Sunday in Peking,1956,False
1471,Sunflower,1970,False
1472,Sunnyside,1919,False
1473,Sunrise at Campobello,1960,False
1474,Superbia,2016,False
1475,Supermarket Woman,1996,False
1476,Sure-Locked Homes,1928,False
1477,Surface Tension,1968,False
1478,Susan Slept Here,1954,False
1479,Suspicion,1941,False
1480,Suzanne's Career,1963,False
1481,Swallowed,2016,False
1482,Swann in Love,1984,False
1483,Swedenhielms,1935,False
1484,Sweet Bird of Youth,1962,False
1485,Sweet Movie,1974,True
1486,Sweet Sweetback's Baadasssss Song,1971,False
1487,Sweetie,1989,True
1488,Swept Away,1974,False
1489,Swing Fever,1944,False
1490,Sword of the Beast,1965,True
1491,Sworn to the Drum: A Tribute to Francisco Aguabella,1995,False
1492,Sydney 2000: Stories of Olympic Glory,2001,False
1493,Sylvia and the Phantom,1946,False
1494,Sylvia Scarlett,1935,False
1495,Symbiopsychotaxiplasm: Take One,1968,False
1496,Syndromes and a Century,2006,False
1497,Taipei Story,1985,True
1498,Take a Chance,1918,False
1499,Take Aim at the Police Van,1960,True
1500,Tales of a Golden Geisha,1990,False
1501,Tampopo,1985,True
1502,Tanner '88 - Episode 10: The Boiler Room,1988,False
1503,Tanner '88 - Episode 11: The Reality Check,1988,False
1504,Tanner '88 - Episode 1: The Dark Horse,1988,False
1505,Tanner '88 - Episode 2: For Real,1988,False
1506,Tanner '88 - Episode 3: Night of the Twinkies,1988,False
1507,Tanner '88 - Episode 4: Moonwalker and Bookbag,1988,False
1508,Tanner '88 - Episode 5: Bagels with Bruce,1988,False
1509,Tanner '88 - Episode 6: Child's Play,1988,False
1510,Tanner '88 - Episode 7: The Great Escape,1988,False
1511,Tanner '88 - Episode 8: The Girlfriend Factor,1988,False
1512,"Tanner '88 - Episode 9: Something Borrowed, Something New",1988,False
1513,Taris,1931,False
1514,Taste of Cherry,1997,True
1515,Teeth,2015,False
1516,Tell It to the Marines,1926,False
1517,"Tell Me That You Love Me, Junie Moon",1970,False
1518,Tell No Tales,1939,False
1519,Terror of Mechagodzilla,1975,False
1520,Tess,1979,True
1521,That Forsyte Woman,1949,False
1522,That Hamilton Woman,1941,True
1523,That Night's Wife,1930,True
1524,That Uncertain Feeling,1941,False
1525,The 39 Steps,1935,True
1526,The 400 Blows,1959,True
1527,"The 47 Ronin, Part 1",1941,False
1528,"The 47 Ronin, Part 2",1941,False
1529,The Above,2015,False
1530,The Ace of Hearts,1921,False
1531,The Acquaintances of a Lonely John,2008,False
1532,The Adventures of Prince Achmed,1926,False
1533,The African Queen,1951,False
1534,The Age of the Medici - Episode 1: The Exile of Cosimo,1973,False
1535,The Age of the Medici - Episode 2: The Power of Cosimo,1973,False
1536,The Age of the Medici - Episode 3: Leon Battista Alberti:...,1973,False
1537,The Alphabet,1968,False
1538,The American Friend,1977,True
1539,The American Soldier,1970,True
1540,The Americanization of Emily,1964,False
1541,"The Amputee, Version 1",1974,False
1542,"The Amputee, Version 2",1974,False
1543,The Ascent,1976,True
1544,The Asphalt Jungle,1950,True
1545,The Atomic Submarine,1959,True
1546,The Audition,2012,False
1547,The Bachelor and the Bobby-Soxer,1947,False
1548,The Bad Sleep Well,1960,True
1549,The Bakery Girl of Monceau,1963,True
1550,The Ballad of Cable Hogue,1970,False
1551,The Ballad Of Narayama,1958,False
1552,The Baron of Arizona,1950,True
1553,The Barretts of Wimpole Street,1957,False
1554,The Battle of Algiers,1966,True
1555,The Battle of the Sexes,1960,False
1556,The Battleship Potemkin,1925,False
1557,The Beales of Grey Gardens,2006,True
1558,The Bells Go Down,1943,False
1559,The Best Intentions,1992,False
1560,The Best Years of Our Lives,1946,False
1561,The Big City,1963,True
1562,The Big Sleep,1946,False
1563,The Big Sleep,1978,False
1564,The Birth of Magellan: Cadenza I,1977,False
1565,The Bishop's Wife,1947,False
1566,The Bitter Tears of Petra von Kant,1972,True
1567,The Black Balloon,2012,False
1568,The Black Case,2014,False
1569,The Black Stallion,1979,True
1570,The Blob,1958,True
1571,The Blues Accordin' to Lightnin' Hopkins,1969,False
1572,The Body Snatcher,1945,False
1573,The Bomb Idea,1920,False
1574,The Boys From Brazil,1978,False
1575,"The Bridegroom, The Actress, and The Pimp",1968,False
1576,The Bridge,1959,False
1577,The Brood,1979,True
1578,The Browning Version,1951,True
1579,The Burden,2017,False
1580,The Burmese Harp,1956,True
1581,The Burning Hills,1956,False
1582,The Cage,2010,False
1583,The Candidate,1972,False
1584,The Cars That Ate Paris,1974,False
1585,The Cassandra Crossing,1977,False
1586,The Castle,1997,False
1587,The Castle of Sand,1974,False
1588,The Cat's Paw,1934,False
1589,The Catered Affair,1956,False
1590,The Ceremony,1971,False
1591,The Challenge,1938,False
1592,The Champ,1931,False
1593,The Children Are Watching Us,1944,True
1594,The Cincinnati Kid,1965,False
1595,The Circus,1928,False
1596,The Circus,1920,False
1597,The Color of Pomegranates,1969,True
1598,The Colour of His Hair,2017,False
1599,The Corsican Brothers,1941,False
1600,The Count of the Old Town,1934,True
1601,The Coward,1965,False
1602,The Cowboy and the Lady,1938,False
1603,The Cranes Are Flying,1957,True
1604,The Cremator,1969,False
1605,The Cross of Lorraine,1943,False
1606,The Curse of Frankenstein,1957,False
1607,The Damned Don't Cry,1950,False
1608,The Dance of Reality,2013,False
1609,The Day the Ponies Come Back,2000,False
1610,The Deadly Companions,1961,False
1611,The Death of Magellan: Gloria!,1979,False
1612,The Demon,1978,False
1613,The Devil and Daniel Webster,1941,True
1614,The Devil's Bride,1968,False
1615,The Devil's Eye,1960,False
1616,The Devils,1971,False
1617,The Divorce Of Lady X,1938,False
1618,The Doll,1919,False
1619,The Double Life of Véronique,1991,True
1620,The Drowning Pool,1975,False
1621,The Drum,1938,True
1622,The Eagle Shooting Heroes,1993,False
1623,The Ear,1970,False
1624,The Earrings of Madame de...,1953,False
1625,The Element of Crime,1984,True
1626,The Elephant God,1979,False
1627,The Emigrants,1971,True
1628,The Emperor Jones,1933,True
1629,The End of Summer,1961,True
1630,The Entertainer,1960,False
1631,The Eternal Rainbow,1958,False
1632,The Eternal Return,1943,False
1633,The Everlasting Flame,2010,False
1634,The Executioner,1963,True
1635,The Exterminating Angel,1962,True
1636,The Extraordinary Life of Rocky,2010,False
1637,The Fable of the Jolly Rounders,1923,False
1638,The Face Behind the Mask,1938,False
1639,The Face of Another,1966,True
1640,The Farmerette,1932,False
1641,The FBI Story,1959,False
1642,The Fire Within,1963,True
1643,The Firemen's Ball,1967,False
1644,The First Deadly Sin,1980,False
1645,The Flame and the Arrow,1950,False
1646,The Flavor of Green Tea Over Rice,1952,False
1647,The Flowers of St. Francis,1950,True
1648,The Fountain,2006,False
1649,The Four Feathers,1939,True
1650,The Fourth Dimension,1936,False
1651,The Fresh Lobster,1928,False
1652,The Freshman,1925,True
1653,The Front Page,1931,False
1654,The Funeral,1984,False
1655,"The Games of the V Olympiad Stockholm, 1912",2016,False
1656,The Garden of Women,1954,False
1657,The Gazebo,1960,False
1658,The Gentle Art of Japanese Extortion,1992,False
1659,The Getaway,1972,False
1660,The Ghost Goes West,1935,False
1661,The Girl I Loved,1946,False
1662,The Girl Who Kicked the Hornet's Nest,2009,False
1663,The Girl Who Played with Fire,2009,False
1664,The Girl with the Dragon Tattoo,2009,False
1665,The Gold of Naples,1954,False
1666,The Gold Rush,1942,True
1667,The Gold Rush,1925,False
1668,The Golden Coach,1953,True
1669,The Goldwyn Follies,1938,False
1670,The Good Fairy,1951,False
1671,The Grand Olympics,1961,False
1672,The Grandmother,1970,False
1673,The Grasshopper,1970,False
1674,The Great Beauty,2013,True
1675,The Great Dictator,1940,True
1676,The Great Escape,1963,False
1677,The Great Train Robbery,1978,False
1678,The Green Ray,1986,False
1679,The Happy Years,1950,False
1680,The Haunted Hotel,1907,False
1681,The Haunted Ship,1930,False
1682,The Haunted Strangler,1958,True
1683,The Headless Woman,2008,False
1684,The Helen Morgan Story,1957,False
1685,The Hero,1966,True
1686,The Hidden Fortress,1958,True
1687,The Hit,1984,True
1688,The Holy Man,1965,False
1689,The Holy Mountain,1973,False
1690,The Home and the World,1984,True
1691,The Honeymoon Killers,1969,True
1692,The Honeymoon Machine,1961,False
1693,The Horse in Focus,1956,False
1694,The Horse's Mouth,1958,False
1695,The House I Live In,1945,False
1696,The Housemaid,1960,True
1697,The Hudsucker Proxy,1994,False
1698,The Human Condition I: No Greater Love,1959,False
1699,The Human Condition II: Road to Eternity,1960,False
1700,The Human Condition III: A Soldier's Prayer,1961,False
1701,The Human Pyramid,1961,False
1702,The Hunchback of Notre Dame,1923,False
1703,The Idiot,1951,True
1704,The Idle Class,1921,False
1705,The Immortal Story,1968,True
1706,The Importance of Being Earnest,1952,True
1707,The Incredible Stranger,1942,False
1708,The Inheritance,1962,True
1709,The Insect Woman,1963,True
1710,The Inspector General,1949,False
1711,The IX Olympiad in Amsterdam,1928,False
1712,The Joke,1969,True
1713,The Junk Shop,1965,False
1714,The Kid,1921,True
1715,The Kid Brother,1927,True
1716,The Kid from Brooklyn,1946,False
1717,The Kid with a Bike,2011,True
1718,The Killing of a Chinese Bookie,1976,True
1719,The Killing of a Chinese Bookie (Director's Cut),1978,False
1720,The King of Kings,1927,True
1721,The King Without a Crown,1937,False
1722,The Kiss,1929,False
1723,The Lady and the Beard,1931,False
1724,The Lady Vanishes,1938,True
1725,The Lamp,1959,False
1726,The Last Dance,1993,False
1727,The Last Emperor,1987,True
1728,The Last Metro,1980,True
1729,The Last of England,1988,False
1730,The Last of Mrs. Cheyney,1937,False
1731,The Last Seduction,1994,False
1732,The Last Wave,1977,True
1733,The League of Gentlemen,1960,True
1734,The Leopard Man,1943,False
1735,The Life and Death of Colonel Blimp,1943,True
1736,The Life of Oharu,1952,True
1737,The Line King: The Al Hirschfeld Story,1996,False
1738,The Lion Has Wings,1939,False
1739,The Lion in Winter,1968,False
1740,The Little Foxes,1941,False
1741,The Living Magoroku,1943,True
1742,The Living Skeleton,1968,True
1743,The Lodger: A Story of the London Fog,1927,True
1744,The Loneliness of the Long Distance Runner,1962,False
1745,The Lonely Passion of Judith Hearne,1987,False
1746,The Long Day Closes,1992,True
1747,The Long Good Friday,1979,True
1748,The Long Voyage Home,1940,False
1749,The Lost Honor of Katharina Blum,1975,True
1750,The Love Goddesses,1965,False
1751,The Love Life of the Octopus,1967,False
1752,The Lovers,1958,True
1753,The Lower Depths,1957,True
1754,The Lower Depths,1936,True
1755,The Lure,2015,True
1756,The Lusty Men,1952,False
1757,The Machine That Kills Bad People,1952,False
1758,The Mackintosh Man,1973,False
1759,The Madwoman of Chaillot,1969,False
1760,The Maestro: King of the Cowboy Artists,1995,False
1761,The Magic Flute,1975,True
1762,The Magician,1958,True
1763,The Magnificent Seven,1960,False
1764,The Makioka Sisters,1983,True
1765,The Maltese Falcon,1941,False
1766,The Man Between,1953,False
1767,The Man in Grey,1943,True
1768,The Man in the Barn,1937,False
1769,The Man in the Iron Mask,1939,False
1770,The Man Upstairs,1992,False
1771,The Man Who Could Work Miracles,1936,False
1772,The Man Who Knew Too Much,1934,True
1773,The Man Who Left His Will on Film,1970,False
1774,The Man with the Golden Arm,1956,False
1775,The Marathon,1919,False
1776,The Marriage of Chiffon,1942,False
1777,The Marriage of Maria Braun,1978,True
1778,The Masseurs and a Woman,1938,True
1779,The Master of Ballantrae,1953,False
1780,The Match Factory Girl,1990,True
1781,The Mating Game,1959,False
1782,The Melbourne Rendez-vous,1957,False
1783,The Men Who Tread on the Tiger's Tail,1945,False
1784,The Merchant of Four Seasons,1971,True
1785,The Merry Widow,1934,False
1786,The Mikado,1939,True
1787,The Milkman,1930,False
1788,The Miniver Story,1950,False
1789,The Mirror,1975,False
1790,The Mirror Crack'd,1980,False
1791,The Model Couple,1977,True
1792,The Moment of Truth,1965,True
1793,The Moonshiners,2017,False
1794,The Most Beautiful,1944,True
1795,The Most Dangerous Game,1932,True
1796,The Mother,2012,False
1797,The Mountains of Mourne,2017,False
1798,The Mummy,1959,False
1799,The Music Room,1958,True
1800,The Mysterious Lady,1928,False
1801,The Naked City,1948,True
1802,The Naked Island,1960,True
1803,The Naked Kiss,1964,True
1804,The Neighbor's Wife and Mine,1931,False
1805,The New Land,1972,True
1806,The Night Heaven Fell,1958,False
1807,The Night Porter,1974,True
1808,The North Star,1943,False
1809,The Ocean Waif,1916,False
1810,The Octopus,1927,False
1811,The Old and the New,1929,False
1812,The Olympic Games as They Were Practiced in Ancient Greece,1924,False
1813,The Olympic Games Held at Chamonix in 1924,1924,False
1814,The Olympic Games in Paris 1924,1924,False
1815,"The Olympic Games, Amsterdam 1928",1928,False
1816,The Olympics in Mexico,1969,False
1817,The Omega Man,1971,False
1818,The Only Son,1936,True
1819,The Organizer,1963,True
1820,The Other Side of Hope,2017,True
1821,The Ouija Board,1920,False
1822,The Outlaw And His Wife,1917,False
1823,The Outrage,1964,False
1824,The Passage,2018,False
1825,The Passion of Anna,1969,True
1826,The Passion of Joan of Arc,1928,True
1827,The Passionate Friends,1949,False
1828,The Pearls of the Crown,1937,True
1829,The Penalty,1920,False
1830,The Perfect Game,1958,False
1831,The Petrified Forest,1973,False
1832,The Phantom Carriage,1921,True
1833,The Phantom Horse,1955,False
1834,The Phantom of the Opera,1925,False
1835,The Philadelphia Story,1940,True
1836,The Piano Teacher,2001,True
1837,The Picture of Dorian Gray,1945,False
1838,The Pilgrim,1923,False
1839,The Player,1992,True
1840,The Plough and the Stars,1936,False
1841,The Plumber,1979,False
1842,The Pornographers,1966,True
1843,The Portrait,1948,False
1844,The Postman Always Rings Twice,1946,False
1845,The Princess Yang Kwei Fei,1955,False
1846,The Prisoner of Zenda,1937,False
1847,The Private Life of Don Juan,1934,True
1848,The Private Life of Henry VIII,1933,True
1849,The Prize,1963,False
1850,The Public Enemy,1931,False
1851,The Pumpkin Race,1907,False
1852,The Purchase Price,1932,False
1853,The Rack,1956,False
1854,The Racket,1928,False
1855,The Raggedy Rawney,1988,False
1856,The Red Balloon,1956,True
1857,The Red Shoes,1948,True
1858,The Return of Bulldog Drummond,1934,False
1859,The Rise of Catherine the Great,1934,True
1860,The Rite,1969,True
1861,The River,1951,True
1862,The River Fuefuki,1960,False
1863,The Rocket From Calabuch,1956,False
1864,The Rocking Horse Winner,1949,False
1865,The Roman Spring of Mrs. Stone,1961,False
1866,The Rose on His Arm,1956,False
1867,The Rules of the Game,1939,True
1868,The Ruling Class,1972,True
1869,The Scandalous Adventures of Buraikan,1970,False
1870,The Scar,1976,False
1871,The Scarlet Pimpernel,1934,False
1872,The Sea Gull,1968,False
1873,The Sea Horse,1933,False
1874,The Sea of Grass,1947,False
1875,The Secret Life of Walter Mitty,1947,False
1876,The Secret of the Grain,2007,True
1877,The Seduction of Mimi,1972,False
1878,The Seventh Continent,1989,False
1879,The Seventh Seal,1957,True
1880,The Seventh Veil,1945,False
1881,The Shadow Within,1970,False
1882,The Ship That Died,1938,False
1883,The Shooting,1966,True
1884,The Shop Around the Corner,1940,False
1885,The Shopworn Angel,1938,False
1886,The Shower,2011,False
1887,The Silence,1963,True
1888,The Singing Nun,1966,False
1889,The Sleeping Beauty,2010,False
1890,The Smallest Show on Earth,1957,False
1891,The Snow Flurry,1959,False
1892,The Soft Skin,1964,True
1893,The Sorrow and the Pity (Part 1),1969,False
1894,The Sorrow and the Pity (Part 2),1969,False
1895,The Spirit of the Beehive,1973,True
1896,The Spy In Black,1939,False
1897,The Squall,1929,False
1898,The Squeaker,1937,False
1899,The Star,1953,False
1900,The Steamroller and The Violin,1961,False
1901,The Steel Helmet,1951,True
1902,The Sterile Cuckoo,1969,False
1903,The Stickleback's Egg,1925,False
1904,The Story of a Cheat,1936,True
1905,"The Story of ""The Jonker Diamond""",1936,False
1906,The Story of the Last Chrysanthemum,1939,True
1907,The Story of Three Loves,1953,False
1908,The Story of Vernon and Irene Castle,1939,False
1909,The Strange Love of Martha Ivers,1946,False
1910,The Strange Ones,2011,False
1911,The Stranger,1991,True
1912,The Stratton Story,1949,False
1913,The Struggle for Survival,1937,False
1914,The Student Prince in Old Heidelberg,1927,False
1915,The Suitor,1962,True
1916,The Sun's Burial,1960,False
1917,The Sword of Doom,1966,True
1918,The Taking of Power by Louis XIV,1966,True
1919,The Taste of Others,2000,False
1920,The Tattered Wings,1955,False
1921,The Tempest,1979,False
1922,The Temptress,1926,False
1923,The Tender Trap,1955,False
1924,The Testament of Dr. Mabuse,1933,True
1925,The Thick-Walled Room,1956,True
1926,The Thief of Bagdad,1940,True
1927,The Thin Blue Line,1988,True
1928,The Third Shadow Warrior,1963,False
1929,The Thomas Crown Affair,1968,False
1930,The Three Musketeers,1948,False
1931,The Threepenny Opera,1931,True
1932,The Time Machine,1960,False
1933,The Times of Harvey Milk,1984,True
1934,The Tin Drum,1979,True
1935,The Treasure of the Sierra Madre,1948,False
1936,The Tree of Wooden Clogs,1978,True
1937,The Trial of Joan of Arc,1962,False
1938,The Trojan Women,1971,False
1939,The Umbrellas of Cherbourg,1964,True
1940,The Unholy Three,1930,False
1941,The Unknown,1927,False
1942,The Unsinkable Molly Brown,1964,False
1943,The Valley of Decision,1945,False
1944,The Vampire,1945,False
1945,The Vampire Bat,1933,False
1946,The Vanishing,1988,True
1947,"The VI Olympic Winter Games, Oslo 1952",1952,False
1948,The Virgin Spring,1960,True
1949,The Voice Thief,2013,False
1950,The Wages of Fear,1953,True
1951,The War of the Gargantuas,1966,False
1952,The War Room,1993,True
1953,The Warped Ones,1960,True
1954,The Watermelon Woman,1996,False
1955,The White Angel,1955,True
1956,The White Stadium,1928,False
1957,The Wicked Lady,1945,True
1958,The Wild Bunch,1969,False
1959,The Wildcat,1921,False
1960,The Wind Journeys,2009,False
1961,The Wings of Eagles,1957,False
1962,The Witch's Cat,1929,False
1963,The Woman in Question,1950,False
1964,The Woman Next Door,1981,False
1965,The Women,1939,False
1966,"The Wonderful, Horrible Life of Leni Riefenstahl",1993,False
1967,The World of Jacques Demy,1995,False
1968,The Wrong Arm of the Law,1962,False
1969,The X from Outer Space,1967,True
1970,The Yearling,1946,False
1971,The Young Girls of Rochefort,1967,True
1972,The Young Philadelphians,1959,False
1973,The Young Rebels,1980,False
1974,There Was a Father,1942,True
1975,These Boots,1993,False
1976,These Three,1936,False
1977,They Drive by Night,1940,False
1978,They Were Expendable,1945,False
1979,Things To Come,1936,False
1980,"Third Finger, Left Hand",1940,False
1981,Thirst,1949,True
1982,Thirst for Love,1967,True
1983,This Happy Breed,1944,True
1984,This Is Spinal Tap,1984,True
1985,This Man's Navy,1945,False
1986,This Sporting Life,1963,True
1987,Those Were the Days,1992,False
1988,Thousands Cheer,1943,False
1989,Three Cases of Murder,1955,False
1990,Three Colors: Blue,1993,True
1991,Three Colors: Red,1994,True
1992,Three Colors: White,1994,True
1993,Three Daughters,1961,False
1994,Three Little Words,1950,False
1995,Three Outlaw Samurai,1964,True
1996,Three Resurrected Drunkards,1968,True
1997,Throne of Blood,1957,True
1998,Through A Glass Darkly,1961,False
1999,Thru the Wire,1987,False
2000,Thus Another Day,1959,False
2001,Tie Me Up! Tie Me Down!,1990,True
2002,Tiger Bay,1959,False
2003,Till the Clouds Roll By,1946,False
2004,Time After Time,1979,False
2005,Time Bandits,1981,True
2006,Time Without Pity,1957,False
2007,Tiny Furniture,2010,True
2008,Titanic,1943,False
2009,To Be or Not to Be,1942,True
2010,To Have and Have Not,1944,False
2011,To Joy,1950,True
2012,Toby Dammit,1968,False
2013,Tokaido Yotsuya kaidan,1959,False
2014,Tokyo Chorus,1931,True
2015,Tokyo Drifter,1966,True
2016,Tokyo Olympiad,1965,True
2017,Tokyo Story,1953,True
2018,Tokyo Twilight,1957,True
2019,Tokyo-Ga,1985,False
2020,Tom Jones,1963,True
2021,Toni,1935,False
2022,Too Bad She's Bad,1955,False
2023,Top Secret Affair,1957,False
2024,Tord and Tord,2010,False
2025,Torment,1944,True
2026,Tormento,1950,True
2027,Torna!,1954,False
2028,Torrent,1926,False
2029,Total Balalaika Show,1994,True
2030,Touki Bouki,1973,False
2031,Tout va bien,1972,True
2032,Track 29,1988,False
2033,Tracked,1985,False
2034,Trafic,1970,True
2035,Tragedy of Japan,1953,False
2036,Trainspotting,1996,False
2037,Trances,1981,True
2038,Travels With My Aunt,1972,False
2039,Treasure Island,1934,False
2040,Treasure Island,1972,False
2041,Trikal,1985,False
2042,Trog,1970,False
2043,Tropical Malady,2004,False
2044,Tunes of Glory,1960,True
2045,Twenty-Four Eyes,1954,True
2046,Twin Peaks: Fire Walk With Me,1992,False
2047,Two Arabian Knights,1927,False
2048,Two English Girls,1971,False
2049,Two Girls and a Sailor,1944,False
2050,Two Tons of Turquoise to Taos Tonight,1975,True
2051,Two Weeks with Love,1950,False
2052,Two Women,1960,False
2053,Two-Way Stretch,1960,False
2054,Ugetsu,1953,True
2055,Umberto D.,1952,True
2056,Un carnet de bal,1937,True
2057,Un Flic,1972,False
2058,Uncle Boonmee Who Can Recall His Past Lives,2010,False
2059,Uncle Yanco,1967,True
2060,Under the Blossoming Cherry Trees,1975,False
2061,Under the Roofs of Paris,1930,True
2062,Under the Volcano,1984,True
2063,Undercurrent,1946,False
2064,Une chambre en ville,1982,True
2065,Une histoire d'eau,1961,False
2066,Une Parisienne,1957,False
2067,Unholy Three,1925,False
2068,Until They Sail,1957,False
2069,Up in Arms,1944,False
2070,Utamaro and His Five Women,1946,False
2071,Vacation From Marriage,1945,False
2072,Vagabond,1985,True
2073,Val Lewton: The Man in the Shadows,2007,False
2074,Valerie and Her Week of Wonders,1970,True
2075,Vampyr,1932,True
2076,Vendetta of a Samurai,1952,False
2077,Vengeance is Mine,1979,False
2078,Veronika Voss,1982,True
2079,Victim,1961,True
2080,Vingt-quatre heures de la vie d'un clown,1946,False
2081,Violence at Noon,1966,True
2082,Violent Cop,1989,False
2083,Viridiana,1961,True
2084,Visions of Eight,1973,False
2085,Vive le Tour!,1962,False
2086,Vivre Sa Vie,1962,False
2087,Voyage to the Sky,1937,False
2088,Véronique and Her Dunce,1958,False
2089,Walk Cheerfully,1930,True
2090,Walkabout,1971,True
2091,Walpurgis Night,1935,True
2092,"War and Peace, Part I: Andrei Bolkonsky",1966,False
2093,"War and Peace, Part II: Natasha Rostova",1966,False
2094,"War and Peace, Part III: The Year 1812",1966,False
2095,"War and Peace, Part IV: Pierre Bezukhov",1966,False
2096,War Requiem,1989,False
2097,Warrendale,1967,True
2098,Washingtonia,2014,False
2099,Wasp,2003,False
2100,Water,1985,False
2101,Watership Down,1978,True
2102,We're Going to the Zoo,2006,False
2103,Wedding Rehearsal,1932,False
2104,Wedding Ring,1950,False
2105,Weekend,1967,True
2106,Weekend,2011,True
2107,Welcome Danger,1929,False
2108,"Welcome, or No Trespassing",1964,False
2109,Wendy and Lucy,2008,False
2110,Werner Herzog Eats His Shoe,1980,False
2111,West of Zanzibar,1928,False
2112,West Point,1928,False
2113,Westward the Women,1951,False
2114,Westworld,1973,False
2115,What Did the Lady Forget?,1937,False
2116,What Price Hollywood?,1932,False
2117,When a Woman Ascends the Stairs,1960,True
2118,When Ladies Meet,1941,False
2119,When We Lived in Miami,2013,False
2120,Where East Is East,1929,False
2121,Where Is My Friend's House?,1987,False
2122,Where Now Are the Dreams of Youth?,1932,False
2123,Where the World Meets,1952,False
2124,White Mane,1952,True
2125,White Material,2009,True
2126,White Rock,1977,False
2127,White Vertigo,1956,False
2128,"Who Are You, Polly Maggoo?",1966,True
2129,Why Worry?,1923,False
2130,Wichita,1955,False
2131,Wife,1953,False
2132,Wild 90,1968,True
2133,Wild Boys of the Road,1933,False
2134,Wild Geese,1953,False
2135,Wild Strawberries,1957,True
2136,Wings,1966,True
2137,Wings of Desire,1987,True
2138,Winter Light,1962,True
2139,Wise Blood,1979,True
2140,With Beauty and Sorrow,1965,False
2141,Withnail and I,1986,True
2142,Without Limits,1998,False
2143,Without Love,1945,False
2144,Wittgenstein,1993,False
2145,Woman,1948,False
2146,Woman In The Dunes,1964,False
2147,Woman in Witness Protection,1997,False
2148,Woman of the Year,1942,True
2149,Woman of Tokyo,1933,False
2150,Women of the Night,1948,True
2151,Wonder Man,1945,False
2152,Wooden Crosses,1932,True
2153,Words and Music,1948,False
2154,World on a Wire: Part 1,1973,False
2155,World on a Wire: Part 2,1973,False
2156,Wot a Night,1931,False
2157,WR: Mysteries of the Organism,1971,True
2158,Wrong Move,1975,True
2159,Wuthering Heights,1939,False
2160,Xala,1975,False
2161,XIVth Olympiad: The Glory of Sport,1948,False
2162,Y Tu Mamá También,2001,False
2163,Yankee Doodle Dandy,1942,False
2164,Yearning,1964,False
2165,Yeelen,1987,False
2166,Yentl,1983,False
2167,"Yesterday, Today and Tomorrow",1963,False
2168,Yi Yi,2000,True
2169,Yojimbo,1961,True
2170,"Yotsuya Kaidan, Part One",1949,False
2171,"Yotsuya Kaidan, Part Two",1949,False
2172,You Owe Me One,2002,False
2173,You Were Like a Wild Chrysanthemum,1955,False
2174,Young and Innocent,1937,False
2175,Young Cassidy,1965,False
2176,Young Man With a Horn,1950,False
2177,Young Mr. Jazz,1919,False
2178,Young Torless,1966,False
2179,Youth In Fury,1960,False
2180,Youth of the Beast,1963,True
2181,Youth of the Son,1952,False
2182,Youth of the World,1936,False
2183,Yoyo,1965,True
2184,"Yum, Yum, Yum!",1990,False
2185,Z,1969,True
2186,Zatoichi #10: Zatoichi’s Revenge,1965,False
2187,Zatoichi #11: Zatoichi and the Doomed Man,1965,False
2188,Zatoichi #12: Zatoichi and the Chess Expert,1965,False
2189,Zatoichi #13: Zatoichi’s Vengeance,1966,False
2190,Zatoichi #14: Zatoichi’s Pilgrimage,1966,False
2191,Zatoichi #15: Zatoichi’s Cane Sword,1967,False
2192,Zatoichi #16: Zatoichi the Outlaw,1967,False
2193,Zatoichi #17: Zatoichi Challenged,1967,False
2194,Zatoichi #18: Zatoichi and the Fugitives,1968,False
2195,Zatoichi #19: Samaritan Zatoichi,1968,False
2196,Zatoichi #1: The Tale of Zatoichi,1962,False
2197,Zatoichi #20: Zatoichi Meets Yojimbo,1970,False
2198,Zatoichi #21: Zatoichi Goes to the Fire Festival,1970,False
2199,Zatoichi #22: Zatoichi Meets the One-Armed Swordsman,1971,False
2200,Zatoichi #23: Zatoichi at Large,1972,False
2201,Zatoichi #24: Zatoichi in Desperation,1972,False
2202,Zatoichi #25: Zatoichi’s Conspiracy,1973,False
2203,Zatoichi #2: The Tale of Zatoichi Continues,1962,False
2204,Zatoichi #3: New Tale of Zatoichi,1963,False
2205,Zatoichi #4: Zatoichi the Fugitive,1963,False
2206,Zatoichi #5: Zatoichi on the Road,1963,False
2207,Zatoichi #6: Zatoichi and the Chest of Gold,1964,False
2208,Zatoichi #7: Zatoichi’s Flashing Sword,1964,False
2209,"Zatoichi #8: Fight, Zatoichi, Fight",1964,False
2210,Zatoichi #9: Adventures of Zatoichi,1964,False
2211,Zazie Dans Le Metro,1960,False
2212,Zero Focus,1961,False
2213,Ziegfeld Follies,1946,False
2214,Ziegfeld Girl,1941,False
2215,Zorns Lemma,1970,False
2216,Zéro de Conduite,1933,False
2217,À propos de Nice,1930,True
2218,Ártún,2013,False
